Date,Time,Temp,Weather,Wind,Humidity,Visibility,Barometer
2014-11-01,12:00 AM,1,Light snow. Low clouds.,24,0.93,8,101.82
2014-11-01,1:00 AM,1,Light snow. Mostly cloudy.,30,0.93,10,101.84
2014-11-01,2:00 AM,1,Light snow. Mostly cloudy.,33,0.93,11,101.87
2014-11-01,2:50 AM,1,Light snow. Dense fog.,28,0.93,2,101.92
2014-11-01,3:00 AM,1,Light snow. Dense fog.,24,0.93,2,101.92
2014-11-01,4:00 AM,1,Light snow. Overcast.,22,0.93,11,101.92
2014-11-01,4:45 AM,1,Mostly cloudy.,28,0.93,24,101.94
2014-11-01,5:00 AM,1,Mostly cloudy.,32,0.87,24,101.94
2014-11-01,6:00 AM,2,Mostly cloudy.,26,0.81,24,102.03
2014-11-01,7:00 AM,2,Light snow. Overcast.,26,0.81,24,102.09
2014-11-01,8:00 AM,1,Light snow. Mostly cloudy.,22,0.93,24,102.18
2014-11-01,9:00 AM,1,Light snow. Mostly cloudy.,26,0.93,6,102.27
2014-11-01,10:00 AM,1,Light snow. Cloudy.,26,0.87,10,102.31
2014-11-01,11:00 AM,1,Light snow. More clouds than sun.,20,0.93,10,102.31
2014-11-01,12:00 PM,1,Light snow. More clouds than sun.,24,0.93,24,102.32
2014-11-01,1:00 PM,2,Light rain. More clouds than sun.,30,0.87,24,102.29
2014-11-01,1:45 PM,2,Overcast.,30,0.87,24,102.27
2014-11-01,2:00 PM,3,More clouds than sun.,26,0.75,24,102.25
2014-11-01,3:00 PM,2,Overcast.,30,0.75,24,102.24
2014-11-01,4:00 PM,2,Overcast.,26,0.7,24,102.27
2014-11-01,5:00 PM,2,Overcast.,22,0.7,24,102.31
2014-11-01,6:00 PM,2,Overcast.,26,0.65,24,102.34
2014-11-01,7:00 PM,2,Overcast.,30,0.65,24,102.4
2014-11-01,8:00 PM,2,Overcast.,24,0.65,24,102.44
2014-11-01,9:00 PM,1,Mostly cloudy.,22,0.75,24,102.46
2014-11-01,10:00 PM,1,Passing clouds.,26,0.75,24,102.48
2014-11-01,11:00 PM,1,Passing clouds.,32,0.7,24,102.48
2014-11-02,12:00 AM,0,Passing clouds.,26,0.75,24,102.5
2014-11-02,1:00 AM,-1,Clear.,28,0.8,24,102.5
2014-11-02,1:00 AM,-1,Passing clouds.,26,0.8,24,102.52
2014-11-02,2:00 AM,-1,Clear.,26,0.75,24,102.52
2014-11-02,3:00 AM,-2,Clear.,26,0.8,24,102.57
2014-11-02,4:00 AM,-2,Clear.,20,0.8,24,102.61
2014-11-02,5:00 AM,-2,Clear.,22,0.8,24,102.67
2014-11-02,6:00 AM,-2,Clear.,19,0.74,24,102.72
2014-11-02,7:00 AM,-2,Sunny.,22,0.74,24,102.76
2014-11-02,8:00 AM,-1,Sunny.,26,0.69,24,102.79
2014-11-02,9:00 AM,0,Sunny.,26,0.64,24,102.79
2014-11-02,10:00 AM,2,Sunny.,24,0.6,24,102.77
2014-11-02,11:00 AM,3,Passing clouds.,24,0.56,24,102.76
2014-11-02,12:00 PM,5,Passing clouds.,24,0.53,24,102.63
2014-11-02,1:00 PM,6,Sunny.,13,0.53,24,102.54
2014-11-02,2:00 PM,7,Passing clouds.,22,0.46,24,102.45
2014-11-02,3:00 PM,8,Sunny.,20,0.4,24,102.41
2014-11-02,4:00 PM,7,Passing clouds.,20,0.34,24,102.37
2014-11-02,5:00 PM,6,Passing clouds.,15,0.42,24,102.37
2014-11-02,6:00 PM,4,Passing clouds.,13,0.56,24,102.38
2014-11-02,7:00 PM,4,Passing clouds.,9,0.61,24,102.41
2014-11-02,8:00 PM,5,Passing clouds.,19,0.61,24,102.4
2014-11-02,9:00 PM,3,Passing clouds.,20,0.65,24,102.38
2014-11-02,10:00 PM,2,Passing clouds.,13,0.7,24,102.35
2014-11-02,11:00 PM,3,Passing clouds.,9,0.65,24,102.34
2014-11-03,12:00 AM,4,Passing clouds.,15,0.56,24,102.32
2014-11-03,1:00 AM,1,Partly cloudy.,15,0.7,24,102.25
2014-11-03,2:00 AM,3,Passing clouds.,11,0.65,24,102.22
2014-11-03,3:00 AM,4,Passing clouds.,7,0.65,24,102.22
2014-11-03,4:00 AM,4,Passing clouds.,6,0.65,24,102.2
2014-11-03,5:00 AM,6,Overcast.,13,0.61,24,102.17
2014-11-03,6:00 AM,6,Overcast.,13,0.61,24,102.18
2014-11-03,7:00 AM,6,Partly sunny.,11,0.61,24,102.19
2014-11-03,8:00 AM,6,Partly sunny.,17,0.61,24,102.18
2014-11-03,9:00 AM,7,Partly sunny.,17,0.49,24,102.16
2014-11-03,10:00 AM,10,Partly sunny.,28,0.4,24,102.12
2014-11-03,11:00 AM,12,Broken clouds.,24,0.33,24,102.06
2014-11-03,12:00 PM,13,Broken clouds.,22,0.36,24,101.94
2014-11-03,1:00 PM,13,Partly sunny.,22,0.31,24,101.88
2014-11-03,2:00 PM,13,Partly sunny.,22,0.31,24,101.76
2014-11-03,3:00 PM,13,Partly sunny.,22,0.33,24,101.71
2014-11-03,4:00 PM,14,Partly sunny.,11,0.36,24,101.72
2014-11-03,5:00 PM,12,Partly sunny.,24,0.47,24,101.72
2014-11-03,6:00 PM,12,Passing clouds.,19,0.47,24,101.78
2014-11-03,7:00 PM,11,Passing clouds.,13,0.5,24,101.81
2014-11-03,8:00 PM,10,Passing clouds.,13,0.54,24,101.79
2014-11-03,9:00 PM,11,Passing clouds.,17,0.5,24,101.73
2014-11-03,10:00 PM,12,Overcast.,26,0.47,24,101.74
2014-11-03,11:00 PM,11,Sprinkles. Overcast.,28,0.62,24,101.75
2014-11-04,12:00 AM,10,Sprinkles. Overcast.,9,0.67,24,101.75
2014-11-04,12:50 AM,11,Overcast.,11,0.58,24,101.69
2014-11-04,1:00 AM,11,Overcast.,11,0.58,24,101.68
2014-11-04,2:00 AM,11,Overcast.,11,0.58,24,101.63
2014-11-04,3:00 AM,11,Overcast.,7,0.62,24,101.58
2014-11-04,4:00 AM,11,Mostly cloudy.,9,0.62,24,101.55
2014-11-04,5:00 AM,11,Partly cloudy.,9,0.62,24,101.53
2014-11-04,6:00 AM,12,Partly cloudy.,11,0.54,24,101.5
2014-11-04,7:00 AM,12,Partly sunny.,19,0.54,24,101.46
2014-11-04,8:00 AM,12,Partly sunny.,19,0.54,24,101.42
2014-11-04,9:00 AM,13,Partly sunny.,19,0.55,24,101.39
2014-11-04,10:00 AM,14,Partly sunny.,30,0.51,24,101.28
2014-11-04,11:00 AM,14,Mostly cloudy.,32,0.51,24,101.29
2014-11-04,12:00 PM,12,Overcast.,28,0.67,24,101.27
2014-11-04,1:00 PM,12,Scattered showers. Overcast.,33,0.67,24,101.2
2014-11-04,2:00 PM,11,Sprinkles. Overcast.,19,0.82,19,101.19
2014-11-04,3:00 PM,10,Sprinkles. Fog.,20,0.94,3,101.16
2014-11-04,4:00 PM,10,Light rain. Fog.,22,0.88,5,101.15
2014-11-04,5:00 PM,10,Light rain. Fog.,33,0.94,6,101.14
2014-11-04,6:00 PM,11,Light rain. Overcast.,28,0.88,13,101.1
2014-11-04,7:00 PM,11,Light rain. Fog.,24,0.94,10,101.11
2014-11-04,8:00 PM,11,Light rain. Overcast.,22,0.94,13,101.06
2014-11-04,8:50 PM,11,Mostly cloudy.,19,0.94,19,101.05
2014-11-04,9:00 PM,11,Mostly cloudy.,20,0.94,19,101.06
2014-11-04,10:00 PM,11,Mostly cloudy.,22,0.88,19,101.1
2014-11-04,11:00 PM,10,Mostly cloudy.,26,0.82,24,101.17
2014-11-05,12:00 AM,10,Overcast.,22,0.76,24,101.24
2014-11-05,1:00 AM,8,Partly cloudy.,30,0.76,24,101.34
2014-11-05,2:00 AM,7,Passing clouds.,26,0.71,24,101.45
2014-11-05,3:00 AM,5,Passing clouds.,17,0.76,24,101.53
2014-11-05,4:00 AM,5,Passing clouds.,13,0.76,24,101.62
2014-11-05,5:00 AM,5,Passing clouds.,11,0.76,24,101.64
2014-11-05,6:00 AM,6,Passing clouds.,19,0.76,24,101.6
2014-11-05,7:00 AM,6,Mostly cloudy.,20,0.76,24,101.67
2014-11-05,8:00 AM,7,Partly sunny.,26,0.76,16,101.68
2014-11-05,9:00 AM,8,Passing clouds.,20,0.76,24,101.7
2014-11-05,10:00 AM,9,Partly sunny.,28,0.71,24,101.73
2014-11-05,11:00 AM,9,More clouds than sun.,28,0.66,24,101.78
2014-11-05,12:00 PM,9,Broken clouds.,30,0.66,24,101.8
2014-11-05,1:00 PM,9,More clouds than sun.,32,0.66,24,101.8
2014-11-05,2:00 PM,9,Overcast.,26,0.62,24,101.82
2014-11-05,3:00 PM,9,Overcast.,20,0.58,24,101.87
2014-11-05,4:00 PM,9,Partly sunny.,20,0.62,24,101.87
2014-11-05,5:00 PM,8,Partly sunny.,20,0.62,24,101.92
2014-11-05,6:00 PM,7,Passing clouds.,13,0.66,24,101.97
2014-11-05,7:00 PM,6,Passing clouds.,9,0.71,24,101.98
2014-11-05,8:00 PM,7,Partly cloudy.,4,0.66,24,101.94
2014-11-05,9:00 PM,6,Overcast.,4,0.71,24,101.96
2014-11-05,10:00 PM,6,Passing clouds.,6,0.71,24,101.93
2014-11-05,11:00 PM,6,Passing clouds.,4,0.71,24,101.86
2014-11-06,12:00 AM,5,Passing clouds.,4,0.76,24,101.79
2014-11-06,1:00 AM,5,Mostly cloudy.,4,0.81,24,101.71
2014-11-06,2:00 AM,6,Overcast.,6,0.81,24,101.66
2014-11-06,3:00 AM,6,Mostly cloudy.,6,0.87,24,101.53
2014-11-06,4:00 AM,6,Overcast.,7,0.87,19,101.48
2014-11-06,5:00 AM,6,Overcast.,7,0.87,19,101.44
2014-11-06,6:00 AM,6,Overcast.,7,0.87,16,101.38
2014-11-06,7:00 AM,6,Fog.,7,0.87,8,101.29
2014-11-06,8:00 AM,7,Fog.,7,0.87,8,101.27
2014-11-06,9:00 AM,8,Fog.,6,0.87,10,101.19
2014-11-06,10:00 AM,8,Mostly cloudy.,9,0.82,16,101.09
2014-11-06,11:00 AM,9,Overcast.,7,0.82,16,101.03
2014-11-06,12:00 PM,9,Overcast.,17,0.82,24,100.88
2014-11-06,1:00 PM,10,Broken clouds.,11,0.76,24,100.82
2014-11-06,2:00 PM,9,More clouds than sun.,13,0.76,24,100.79
2014-11-06,3:00 PM,9,More clouds than sun.,7,0.76,24,100.78
2014-11-06,4:00 PM,9,Scattered showers. More clouds than sun.,11,0.71,24,100.77
2014-11-06,5:00 PM,8,Sprinkles. More clouds than sun.,7,0.82,10,100.8
2014-11-06,6:00 PM,7,Sprinkles. Mostly cloudy.,11,0.87,10,100.85
2014-11-06,7:00 PM,7,Light rain. Overcast.,15,0.87,16,100.88
2014-11-06,8:00 PM,7,Light rain. Overcast.,13,0.87,14,100.9
2014-11-06,9:00 PM,7,Light rain. Mostly cloudy.,15,0.87,11,100.93
2014-11-06,10:00 PM,6,Light rain. Mostly cloudy.,17,0.93,10,100.94
2014-11-06,11:00 PM,6,Light rain. Mostly cloudy.,17,0.93,11,100.92
2014-11-07,12:00 AM,5,Light rain. Low clouds.,28,0.93,19,100.93
2014-11-07,1:00 AM,4,Light rain. Mostly cloudy.,28,0.93,24,100.96
2014-11-07,2:00 AM,3,Mostly cloudy.,28,0.87,24,100.97
2014-11-07,3:00 AM,3,Mostly cloudy.,30,0.87,24,101.01
2014-11-07,4:00 AM,2,Passing clouds.,39,0.87,24,101.06
2014-11-07,5:00 AM,1,Passing clouds.,33,0.87,24,101.12
2014-11-07,6:00 AM,1,Passing clouds.,30,0.87,24,101.19
2014-11-07,7:00 AM,1,Partly cloudy.,28,0.81,24,101.26
2014-11-07,8:00 AM,1,Broken clouds.,20,0.81,24,101.35
2014-11-07,9:00 AM,2,Broken clouds.,24,0.81,24,101.4
2014-11-07,10:00 AM,3,Partly sunny.,30,0.65,24,101.45
2014-11-07,11:00 AM,4,Broken clouds.,26,0.61,24,101.52
2014-11-07,12:00 PM,3,Scattered showers. Broken clouds.,30,0.6,24,101.53
2014-11-07,1:00 PM,3,Broken clouds.,24,0.7,24,101.5
2014-11-07,2:00 PM,3,Partly sunny.,28,0.6,24,101.52
2014-11-07,3:00 PM,3,Partly sunny.,28,0.6,24,101.58
2014-11-07,4:00 PM,2,Partly sunny.,22,0.6,24,101.61
2014-11-07,5:00 PM,2,Partly sunny.,24,0.6,24,101.65
2014-11-07,6:00 PM,1,Passing clouds.,17,0.65,24,101.7
2014-11-07,7:00 PM,1,Passing clouds.,13,0.7,24,101.7
2014-11-07,8:00 PM,0,Passing clouds.,11,0.75,24,101.7
2014-11-07,9:00 PM,-1,Passing clouds.,13,0.75,24,101.71
2014-11-07,10:00 PM,-1,Passing clouds.,6,0.75,24,101.63
2014-11-07,11:00 PM,-1,Passing clouds.,6,0.75,24,101.6
2014-11-08,12:00 AM,-1,Passing clouds.,11,0.75,24,101.58
2014-11-08,1:00 AM,-1,Passing clouds.,7,0.75,24,101.54
2014-11-08,2:00 AM,0,Overcast.,4,0.69,24,101.5
2014-11-08,3:00 AM,0,Passing clouds.,6,0.69,24,101.47
2014-11-08,4:00 AM,0,Mostly cloudy.,6,0.69,24,101.42
2014-11-08,5:00 AM,1,Overcast.,7,0.7,24,101.3
2014-11-08,6:00 AM,1,Mostly cloudy.,9,0.75,24,101.24
2014-11-08,6:45 AM,2,Snow flurries. Overcast.,9,0.75,16,101.17
2014-11-08,7:00 AM,2,Snow flurries. Overcast.,9,0.81,16,101.13
2014-11-08,8:00 AM,3,Overcast.,7,0.75,24,101.07
2014-11-08,9:00 AM,4,Overcast.,7,0.75,19,101.04
2014-11-08,10:00 AM,4,Sprinkles. Mostly cloudy.,11,0.81,13,100.98
2014-11-08,11:00 AM,5,Mostly cloudy.,13,0.76,24,100.87
2014-11-08,12:00 PM,6,Broken clouds.,24,0.71,24,100.74
2014-11-08,1:00 PM,5,Sprinkles. Mostly cloudy.,17,0.87,16,100.64
2014-11-08,2:00 PM,6,Sprinkles. More clouds than sun.,26,0.76,16,100.55
2014-11-08,3:00 PM,6,Sprinkles. Low clouds.,15,0.81,16,100.51
2014-11-08,3:48 PM,6,Overcast.,13,0.81,19,100.47
2014-11-08,4:00 PM,6,Overcast.,24,0.76,19,100.46
2014-11-08,5:00 PM,5,Sprinkles. Mostly cloudy.,26,0.87,10,100.5
2014-11-08,6:00 PM,5,Sprinkles. Mostly cloudy.,20,0.87,16,100.55
2014-11-08,7:00 PM,5,Overcast.,24,0.87,24,100.61
2014-11-08,8:00 PM,5,Mostly cloudy.,22,0.87,24,100.63
2014-11-08,9:00 PM,5,Overcast.,19,0.87,24,100.72
2014-11-08,10:00 PM,4,Overcast.,17,0.87,24,100.81
2014-11-08,10:45 PM,4,Sprinkles. Mostly cloudy.,30,0.81,24,100.89
2014-11-08,11:00 PM,3,Sprinkles. Overcast.,19,0.87,24,100.9
2014-11-09,12:00 AM,3,Passing clouds.,22,0.75,24,100.95
2014-11-09,1:00 AM,2,Mostly cloudy.,15,0.75,24,100.99
2014-11-09,2:00 AM,3,Mostly cloudy.,11,0.75,24,101.03
2014-11-09,3:00 AM,2,Overcast.,17,0.75,24,101.13
2014-11-09,4:00 AM,2,Overcast.,13,0.75,24,101.17
2014-11-09,5:00 AM,2,Mostly cloudy.,15,0.65,24,101.18
2014-11-09,6:00 AM,2,Overcast.,13,0.65,24,101.25
2014-11-09,7:00 AM,1,Overcast.,13,0.75,24,101.27
2014-11-09,8:00 AM,2,Partly sunny.,11,0.7,24,101.31
2014-11-09,9:00 AM,2,Partly sunny.,13,0.65,24,101.33
2014-11-09,10:00 AM,3,Cloudy.,15,0.65,24,101.34
2014-11-09,11:00 AM,4,Mostly cloudy.,19,0.65,24,101.32
2014-11-09,12:00 PM,5,Partly sunny.,17,0.61,24,101.21
2014-11-09,1:00 PM,6,Partly sunny.,26,0.61,24,101.13
2014-11-09,2:00 PM,6,Broken clouds.,28,0.61,24,101.04
2014-11-09,3:00 PM,6,Broken clouds.,20,0.61,24,101
2014-11-09,4:00 PM,7,Sprinkles. More clouds than sun.,11,0.61,24,100.97
2014-11-09,5:00 PM,7,Overcast.,13,0.66,24,100.97
2014-11-09,6:00 PM,7,Mostly cloudy.,26,0.66,24,100.99
2014-11-09,7:00 PM,7,Overcast.,19,0.66,24,101.04
2014-11-09,8:00 PM,6,Overcast.,13,0.76,24,101.05
2014-11-09,9:00 PM,6,Overcast.,15,0.76,24,101.1
2014-11-09,10:00 PM,7,Overcast.,24,0.61,24,101.14
2014-11-09,11:00 PM,7,Overcast.,20,0.61,24,101.17
2014-11-10,12:00 AM,6,Overcast.,15,0.66,24,101.23
2014-11-10,1:00 AM,6,Overcast.,13,0.66,24,101.29
2014-11-10,1:50 AM,6,Sprinkles. Overcast.,15,0.66,24,101.34
2014-11-10,2:00 AM,6,Sprinkles. Overcast.,15,0.66,24,101.36
2014-11-10,3:00 AM,6,Sprinkles. Overcast.,15,0.71,24,101.4
2014-11-10,4:00 AM,5,Light rain. Overcast.,9,0.81,24,101.49
2014-11-10,5:00 AM,4,Light rain. Mostly cloudy.,4,0.87,24,101.53
2014-11-10,6:00 AM,5,Overcast.,4,0.81,24,101.55
2014-11-10,7:00 AM,5,Mostly cloudy.,4,0.81,24,101.6
2014-11-10,8:00 AM,5,Overcast.,4,0.87,24,101.73
2014-11-10,9:00 AM,6,Mostly cloudy.,6,0.81,24,101.77
2014-11-10,10:00 AM,6,Broken clouds.,11,0.81,24,101.75
2014-11-10,11:00 AM,8,Partly sunny.,11,0.71,24,101.72
2014-11-10,12:00 PM,8,Mostly cloudy.,7,0.66,24,101.74
2014-11-10,1:00 PM,8,Broken clouds.,15,0.66,24,101.66
2014-11-10,2:00 PM,9,Broken clouds.,15,0.62,24,101.55
2014-11-10,3:00 PM,8,Partly sunny.,17,0.71,24,101.52
2014-11-10,4:00 PM,8,Broken clouds.,13,0.71,24,101.49
2014-11-10,5:00 PM,7,Partly cloudy.,11,0.81,24,101.42
2014-11-10,6:00 PM,7,Passing clouds.,15,0.87,24,101.36
2014-11-10,7:00 PM,8,Passing clouds.,11,0.76,24,101.3
2014-11-10,8:00 PM,8,Partly cloudy.,9,0.82,24,101.26
2014-11-10,9:00 PM,8,Passing clouds.,7,0.82,24,101.17
2014-11-10,10:00 PM,7,Passing clouds.,9,0.87,24,101.11
2014-11-10,11:00 PM,6,Passing clouds.,6,0.93,24,101.1
2014-11-11,12:00 AM,6,Passing clouds.,4,0.93,24,101.1
2014-11-11,1:00 AM,6,Passing clouds.,7,0.87,24,101.06
2014-11-11,2:00 AM,5,Passing clouds.,4,0.93,24,100.99
2014-11-11,3:00 AM,3,Passing clouds.,No,0.93,24,100.98
2014-11-11,4:00 AM,2,Passing clouds.,6,0.93,24,100.96
2014-11-11,5:00 AM,2,Passing clouds.,4,0.93,24,100.97
2014-11-11,6:00 AM,2,Clear.,6,0.93,24,100.94
2014-11-11,7:00 AM,3,Chilly.,No,0.93,24,100.95
2014-11-11,8:00 AM,3,Partly sunny.,4,0.87,24,100.98
2014-11-11,9:00 AM,10,Passing clouds.,6,0.76,24,100.98
2014-11-11,10:00 AM,12,Passing clouds.,17,0.67,24,100.95
2014-11-11,11:00 AM,15,Scattered clouds.,17,0.55,24,100.85
2014-11-11,12:00 PM,15,Scattered clouds.,13,0.55,24,100.75
2014-11-11,1:00 PM,16,Scattered clouds.,24,0.48,24,100.67
2014-11-11,2:00 PM,16,Passing clouds.,32,0.48,24,100.63
2014-11-11,3:00 PM,16,Scattered clouds.,22,0.48,24,100.62
2014-11-11,4:00 PM,17,Partly sunny.,17,0.49,24,100.59
2014-11-11,5:00 PM,16,Passing clouds.,11,0.52,24,100.6
2014-11-11,6:00 PM,16,Partly cloudy.,9,0.52,24,100.58
2014-11-11,7:00 PM,15,Sprinkles. Overcast.,7,0.59,24,100.56
2014-11-11,8:00 PM,16,Sprinkles. Overcast.,22,0.63,24,100.53
2014-11-11,9:00 PM,13,Scattered showers. Overcast.,22,0.82,24,100.54
2014-11-11,10:00 PM,12,Sprinkles. Overcast.,17,0.94,24,100.54
2014-11-11,11:00 PM,12,Mostly cloudy.,17,0.94,16,100.53
2014-11-11,11:45 PM,11,Mostly cloudy.,37,0.82,19,100.58
2014-11-12,12:00 AM,9,Mostly cloudy.,35,0.87,19,100.62
2014-11-12,1:00 AM,8,Mostly cloudy.,24,0.82,24,100.73
2014-11-12,2:00 AM,7,Passing clouds.,32,0.76,24,100.83
2014-11-12,3:00 AM,6,Overcast.,33,0.76,24,100.98
2014-11-12,4:00 AM,5,Overcast.,26,0.7,24,101.09
2014-11-12,5:00 AM,4,Overcast.,28,0.7,24,101.22
2014-11-12,6:00 AM,4,Overcast.,50,0.61,24,101.33
2014-11-12,7:00 AM,3,Overcast.,39,0.7,24,101.43
2014-11-12,8:00 AM,3,Overcast.,35,0.6,24,101.57
2014-11-12,9:00 AM,2,Partly sunny.,48,0.6,24,101.68
2014-11-12,10:00 AM,3,Overcast.,39,0.6,24,101.75
2014-11-12,10:02 AM,2,Overcast.,41,0.65,24,101.74
2014-11-12,11:00 AM,2,Overcast.,32,0.6,24,101.8
2014-11-12,12:00 PM,3,Overcast.,28,0.56,24,101.82
2014-11-12,1:00 PM,3,Partly sunny.,41,0.52,24,101.84
2014-11-12,2:00 PM,3,Partly sunny.,43,0.52,24,101.88
2014-11-12,3:00 PM,2,Partly sunny.,35,0.56,24,101.94
2014-11-12,4:00 PM,2,Partly sunny.,35,0.56,24,102.01
2014-11-12,5:00 PM,2,Passing clouds.,24,0.56,24,102.05
2014-11-12,6:00 PM,2,Partly cloudy.,17,0.56,24,102.09
2014-11-12,7:00 PM,2,Overcast.,24,0.56,24,102.12
2014-11-12,8:00 PM,2,Overcast.,26,0.56,24,102.12
2014-11-12,9:00 PM,1,Passing clouds.,24,0.6,24,102.13
2014-11-12,10:00 PM,1,Passing clouds.,17,0.65,24,102.1
2014-11-12,11:00 PM,0,Passing clouds.,20,0.69,24,102.05
2014-11-13,12:00 AM,0,Partly cloudy.,20,0.64,24,102.04
2014-11-13,1:00 AM,0,Partly cloudy.,15,0.64,24,102.01
2014-11-13,2:00 AM,0,Passing clouds.,13,0.69,24,102.01
2014-11-13,3:00 AM,0,Passing clouds.,17,0.64,24,102.04
2014-11-13,4:00 AM,0,Partly cloudy.,17,0.69,24,102.03
2014-11-13,5:00 AM,0,Overcast.,20,0.75,24,102.05
2014-11-13,6:00 AM,0,Overcast.,20,0.8,24,102.02
2014-11-13,7:00 AM,0,Overcast.,15,0.8,19,102.01
2014-11-13,8:00 AM,0,Overcast.,17,0.8,24,102.03
2014-11-13,9:00 AM,0,Overcast.,20,0.75,24,101.99
2014-11-13,10:00 AM,0,Snow flurries. Overcast.,19,0.87,5,102
2014-11-13,10:48 AM,0,Snow flurries. Overcast.,19,0.87,3,101.98
2014-11-13,11:00 AM,1,Snow flurries. Overcast.,17,0.81,4,101.97
2014-11-13,12:00 PM,1,Snow flurries. More clouds than sun.,20,0.81,10,101.9
2014-11-13,1:00 PM,1,Snow flurries. Cloudy.,17,0.81,10,101.82
2014-11-13,2:00 PM,0,Snow flurries. Cloudy.,19,0.87,3,101.81
2014-11-13,3:00 PM,0,Snow flurries. More clouds than sun.,22,0.87,3,101.79
2014-11-13,4:00 PM,0,Partly sunny.,26,0.75,24,101.8
2014-11-13,5:00 PM,0,Partly cloudy.,19,0.75,24,101.82
2014-11-13,6:00 PM,-1,Passing clouds.,17,0.8,24,101.84
2014-11-13,7:00 PM,-2,Clear.,13,0.8,24,101.86
2014-11-13,8:00 PM,-3,Clear.,13,0.86,24,101.89
2014-11-13,9:00 PM,-3,Clear.,15,0.86,24,101.88
2014-11-13,10:00 PM,-3,Clear.,19,0.86,24,101.85
2014-11-13,11:00 PM,-3,Clear.,19,0.8,24,101.82
2014-11-14,12:00 AM,-4,Clear.,13,0.86,24,101.82
2014-11-14,1:00 AM,-4,Clear.,17,0.86,24,101.79
2014-11-14,2:00 AM,-3,Clear.,19,0.8,24,101.77
2014-11-14,3:00 AM,-3,Clear.,20,0.8,24,101.76
2014-11-14,4:00 AM,-4,Clear.,20,0.8,24,101.74
2014-11-14,5:00 AM,-3,Passing clouds.,20,0.8,24,101.76
2014-11-14,6:00 AM,-3,Passing clouds.,26,0.8,24,101.78
2014-11-14,7:00 AM,-3,Passing clouds.,17,0.86,24,101.84
2014-11-14,8:00 AM,-2,Partly sunny.,17,0.74,24,101.91
2014-11-14,9:00 AM,-1,Scattered clouds.,17,0.64,24,101.95
2014-11-14,10:00 AM,0,Scattered clouds.,15,0.64,24,101.98
2014-11-14,11:00 AM,1,Scattered clouds.,20,0.56,24,102.03
2014-11-14,12:00 PM,2,Broken clouds.,19,0.48,24,102.01
2014-11-14,1:00 PM,2,Broken clouds.,24,0.48,24,102
2014-11-14,2:00 PM,1,Scattered showers. Broken clouds.,17,0.6,24,102.04
2014-11-14,3:00 PM,1,Partly sunny.,33,0.48,24,102.07
2014-11-14,3:54 PM,1,Scattered showers. Partly sunny.,22,0.51,24,102.13
2014-11-14,4:00 PM,1,Scattered showers. Partly sunny.,28,0.51,24,102.13
2014-11-14,5:00 PM,0,Passing clouds.,22,0.55,24,102.18
2014-11-14,6:00 PM,-1,Passing clouds.,20,0.59,24,102.26
2014-11-14,7:00 PM,-2,Passing clouds.,17,0.64,24,102.32
2014-11-14,8:00 PM,-3,Passing clouds.,15,0.74,24,102.4
2014-11-14,9:00 PM,-4,Passing clouds.,15,0.8,24,102.42
2014-11-14,10:00 PM,-4,Passing clouds.,13,0.8,24,102.42
2014-11-14,11:00 PM,-5,Passing clouds.,15,0.86,24,102.46
2014-11-15,12:00 AM,-5,Passing clouds.,15,0.86,24,102.5
2014-11-15,1:00 AM,-5,Passing clouds.,15,0.86,24,102.53
2014-11-15,2:00 AM,-6,Passing clouds.,13,0.93,24,102.57
2014-11-15,3:00 AM,-5,Passing clouds.,13,0.86,24,102.59
2014-11-15,4:00 AM,-5,Passing clouds.,13,0.86,24,102.59
2014-11-15,5:00 AM,-5,Passing clouds.,9,0.86,24,102.6
2014-11-15,6:00 AM,-4,Passing clouds.,7,0.86,24,102.64
2014-11-15,7:00 AM,-3,Passing clouds.,6,0.86,24,102.66
2014-11-15,8:00 AM,-2,Partly sunny.,15,0.86,24,102.69
2014-11-15,9:00 AM,-1,Partly sunny.,17,0.86,24,102.72
2014-11-15,10:00 AM,1,Partly sunny.,19,0.75,24,102.73
2014-11-15,11:00 AM,2,Partly sunny.,20,0.65,24,102.73
2014-11-15,12:00 PM,2,Scattered clouds.,15,0.56,24,102.64
2014-11-15,1:00 PM,2,Broken clouds.,32,0.44,24,102.6
2014-11-15,2:00 PM,1,Partly sunny.,33,0.48,24,102.58
2014-11-15,3:00 PM,1,Partly sunny.,22,0.48,24,102.56
2014-11-15,4:00 PM,0,Partly sunny.,30,0.55,24,102.59
2014-11-15,5:00 PM,-1,Passing clouds.,19,0.59,24,102.57
2014-11-15,6:00 PM,-2,Passing clouds.,15,0.59,24,102.56
2014-11-15,7:00 PM,-1,Passing clouds.,9,0.55,24,102.55
2014-11-15,8:00 PM,-2,Partly cloudy.,9,0.64,24,102.5
2014-11-15,9:00 PM,-2,Partly cloudy.,7,0.64,24,102.46
2014-11-15,10:00 PM,-2,Passing clouds.,11,0.69,24,102.43
2014-11-15,11:00 PM,-2,Passing clouds.,11,0.69,24,102.42
2014-11-16,12:00 AM,-1,Overcast.,15,0.64,24,102.37
2014-11-16,1:00 AM,-1,Passing clouds.,9,0.64,24,102.33
2014-11-16,2:00 AM,-1,Overcast.,9,0.64,24,102.33
2014-11-16,3:00 AM,-1,Overcast.,11,0.64,24,102.31
2014-11-16,4:00 AM,-2,Overcast.,13,0.69,24,102.27
2014-11-16,5:00 AM,-1,Overcast.,11,0.64,24,102.24
2014-11-16,6:00 AM,-2,Light snow. Mostly cloudy.,13,0.8,19,102.19
2014-11-16,7:00 AM,-2,Overcast.,9,0.8,19,102.17
2014-11-16,8:00 AM,-2,Scattered showers. Overcast.,15,0.8,16,102.17
2014-11-16,9:00 AM,-1,Scattered showers. Overcast.,15,0.69,19,102.16
2014-11-16,10:00 AM,-1,Mostly cloudy.,17,0.69,16,102.08
2014-11-16,11:00 AM,0,Light snow. Overcast.,13,0.69,13,102.04
2014-11-16,12:00 PM,-1,Light snow. Ice fog.,9,0.8,5,101.97
2014-11-16,1:00 PM,-1,Light snow. Overcast.,9,0.86,5,101.91
2014-11-16,2:00 PM,-1,Light snow. More clouds than sun.,9,0.86,6,101.82
2014-11-16,3:00 PM,-1,Light snow. Overcast.,11,0.86,5,101.79
2014-11-16,4:00 PM,-1,Light snow. More clouds than sun.,11,0.86,6,101.78
2014-11-16,5:00 PM,-1,Light snow. Mostly cloudy.,11,0.86,5,101.78
2014-11-16,6:00 PM,-1,Scattered showers. Mostly cloudy.,7,0.86,6,101.8
2014-11-16,7:00 PM,-1,Snow flurries. Mostly cloudy.,9,0.86,10,101.8
2014-11-16,8:00 PM,-1,Snow flurries. Low clouds.,9,0.93,10,101.71
2014-11-16,8:45 PM,-1,Snow flurries. Mostly cloudy.,7,0.93,10,101.65
2014-11-16,9:00 PM,-1,Snow flurries. Mostly cloudy.,7,0.93,6,101.63
2014-11-16,10:00 PM,-1,Light snow. Ice fog.,4,0.93,2,101.58
2014-11-16,11:00 PM,-1,Light snow. Ice fog.,6,0.93,2,101.51
2014-11-17,12:00 AM,-1,Light snow. Ice fog.,7,0.93,2,101.44
2014-11-17,1:00 AM,-1,Light snow. Mostly cloudy.,6,0.93,5,101.35
2014-11-17,2:00 AM,-1,Light snow. Ice fog.,6,0.93,2,101.27
2014-11-17,3:00 AM,-1,Light snow. Ice fog.,4,1,2,101.18
2014-11-17,4:00 AM,-1,Light snow. Ice fog.,4,1,2,101.05
2014-11-17,5:00 AM,-1,Light snow. Mostly cloudy.,7,1,5,100.97
2014-11-17,6:00 AM,-1,Light snow. Low clouds.,11,1,6,100.82
2014-11-17,7:00 AM,-1,Light snow. Low clouds.,13,1,5,100.77
2014-11-17,8:00 AM,0,Light snow. Low clouds.,7,0.93,3,100.69
2014-11-17,9:00 AM,0,Light snow. Low clouds.,7,0.93,2,100.53
2014-11-17,10:00 AM,0,Chilly.,7,1,1,100.43
2014-11-17,11:00 AM,0,Chilly.,4,1,1,100.3
2014-11-17,12:00 PM,1,Chilly.,6,0.93,2,100.19
2014-11-17,12:50 PM,0,Chilly.,9,1,1,100.1
2014-11-17,1:00 PM,0,Snow. Low clouds.,9,1,1,100.08
2014-11-17,1:56 PM,1,Chilly.,11,0.93,2,100.01
2014-11-17,2:00 PM,1,Light snow. Cloudy.,9,0.93,2,100.05
2014-11-17,3:00 PM,1,Light snow. Fog.,17,0.93,10,100.05
2014-11-17,4:00 PM,1,Light snow. Fog.,19,0.87,10,100.05
2014-11-17,5:00 PM,0,Light snow. Ice fog.,20,0.87,10,100.14
2014-11-17,6:00 PM,0,Snow flurries. Mostly cloudy.,20,0.87,13,100.17
2014-11-17,7:00 PM,-1,Snow flurries. Passing clouds.,39,0.75,19,100.25
2014-11-17,8:00 PM,-2,Overcast.,39,0.69,24,100.3
2014-11-17,9:00 PM,-4,Snow flurries. Overcast.,50,0.74,11,100.37
2014-11-17,10:00 PM,-4,Snow flurries. Overcast.,32,0.69,19,100.44
2014-11-17,10:50 PM,-5,Passing clouds.,30,0.68,24,100.44
2014-11-17,11:00 PM,-5,Passing clouds.,30,0.68,24,100.45
2014-11-17,11:48 PM,-6,Snow flurries. Overcast.,22,0.86,5,100.47
2014-11-18,12:00 AM,-6,Snow flurries. Partly cloudy.,35,0.8,19,100.47
2014-11-18,1:00 AM,-7,Passing clouds.,35,0.68,24,100.48
2014-11-18,2:00 AM,-7,Clear.,37,0.68,24,100.46
2014-11-18,3:00 AM,-8,Passing clouds.,37,0.73,24,100.5
2014-11-18,4:00 AM,-8,Clear.,32,0.68,24,100.52
2014-11-18,5:00 AM,-9,Passing clouds.,33,0.67,24,100.57
2014-11-18,6:00 AM,-9,Passing clouds.,32,0.67,24,100.58
2014-11-18,7:00 AM,-9,Passing clouds.,35,0.67,24,100.62
2014-11-18,8:00 AM,-9,Passing clouds.,32,0.67,24,100.64
2014-11-18,9:00 AM,-8,Passing clouds.,44,0.68,24,100.67
2014-11-18,10:00 AM,-7,Passing clouds.,46,0.68,24,100.67
2014-11-18,11:00 AM,-6,Passing clouds.,41,0.68,24,100.72
2014-11-18,12:00 PM,-5,Passing clouds.,52,0.58,24,100.74
2014-11-18,1:00 PM,-5,Scattered clouds.,50,0.58,24,100.75
2014-11-18,2:00 PM,-5,Scattered clouds.,43,0.63,24,100.76
2014-11-18,3:00 PM,-5,Scattered clouds.,50,0.63,24,100.8
2014-11-18,4:00 PM,-6,Scattered clouds.,35,0.68,24,100.9
2014-11-18,5:00 PM,-6,Passing clouds.,61,0.68,24,100.83
2014-11-18,6:00 PM,-6,Passing clouds.,52,0.68,24,101
2014-11-18,7:00 PM,-6,Passing clouds.,44,0.68,24,101.06
2014-11-18,8:00 PM,-6,Passing clouds.,46,0.68,24,101.15
2014-11-18,9:00 PM,-7,Passing clouds.,37,0.73,24,101.24
2014-11-18,10:00 PM,-7,Passing clouds.,41,0.73,24,101.31
2014-11-18,11:00 PM,-7,Passing clouds.,41,0.73,24,101.4
2014-11-19,12:00 AM,-8,Passing clouds.,39,0.79,24,101.49
2014-11-19,1:00 AM,-8,Passing clouds.,32,0.73,24,101.59
2014-11-19,2:00 AM,-8,Clear.,32,0.73,24,101.66
2014-11-19,3:00 AM,-9,Clear.,22,0.79,24,101.72
2014-11-19,4:00 AM,-9,Clear.,24,0.79,24,101.74
2014-11-19,5:00 AM,-9,Clear.,22,0.73,24,101.76
2014-11-19,6:00 AM,-10,Clear.,15,0.79,24,101.77
2014-11-19,7:00 AM,-10,Passing clouds.,19,0.79,24,101.8
2014-11-19,8:00 AM,-9,Passing clouds.,24,0.73,24,101.83
2014-11-19,9:00 AM,-8,Broken clouds.,22,0.68,24,101.85
2014-11-19,10:00 AM,-8,Broken clouds.,19,0.68,24,101.81
2014-11-19,11:00 AM,-6,Partly sunny.,15,0.58,24,101.74
2014-11-19,12:00 PM,-5,Partly sunny.,11,0.58,24,101.63
2014-11-19,1:00 PM,-5,Partly sunny.,17,0.58,24,101.51
2014-11-19,2:00 PM,-4,Light snow. Partly sunny.,15,0.63,16,101.32
2014-11-19,3:00 PM,-4,Light snow. Mostly cloudy.,15,0.8,4,101.21
2014-11-19,4:00 PM,-4,Cold.,13,0.86,1,101.13
2014-11-19,5:00 PM,-4,Light snow. Ice fog.,22,0.93,2,101.04
2014-11-19,6:00 PM,-3,Light snow. Low clouds.,24,0.86,5,100.93
2014-11-19,8:00 PM,-2,Light snow. Ice fog.,17,0.93,3,100.7
2014-11-19,9:00 PM,-2,Light snow. Mostly cloudy.,17,0.86,6,100.61
2014-11-19,10:00 PM,-1,Light snow. Mostly cloudy.,20,0.8,16,100.6
2014-11-19,11:00 PM,-2,Passing clouds.,46,0.69,24,100.59
2014-11-20,12:00 AM,-3,Partly cloudy.,35,0.69,24,100.69
2014-11-20,1:00 AM,-3,Passing clouds.,30,0.69,24,100.72
2014-11-20,2:00 AM,-4,Mostly cloudy.,20,0.8,16,100.76
2014-11-20,3:00 AM,-3,Mostly cloudy.,30,0.69,19,100.77
2014-11-20,4:00 AM,-4,Mostly cloudy.,22,0.74,19,100.74
2014-11-20,5:00 AM,-4,Passing clouds.,35,0.69,24,100.79
2014-11-20,6:00 AM,-5,Passing clouds.,33,0.68,24,100.83
2014-11-20,7:00 AM,-6,Passing clouds.,28,0.74,24,100.88
2014-11-20,8:00 AM,-6,Low level haze.,33,0.74,24,100.91
2014-11-20,9:00 AM,-5,Passing clouds.,35,0.74,24,100.95
2014-11-20,10:00 AM,-4,Scattered clouds.,41,0.69,24,100.99
2014-11-20,11:00 AM,-4,Scattered clouds.,52,0.69,24,100.99
2014-11-20,12:00 PM,-3,Partly sunny.,37,0.64,24,100.97
2014-11-20,1:00 PM,-3,Scattered clouds.,37,0.59,24,100.97
2014-11-20,2:00 PM,-3,Partly sunny.,35,0.59,24,101.01
2014-11-20,3:00 PM,-4,Scattered clouds.,26,0.63,24,101.08
2014-11-20,4:00 PM,-5,Scattered clouds.,32,0.68,24,101.15
2014-11-20,5:00 PM,-5,Passing clouds.,30,0.68,24,101.24
2014-11-20,6:00 PM,-6,Passing clouds.,22,0.68,24,101.33
2014-11-20,7:00 PM,-7,Passing clouds.,28,0.73,24,101.39
2014-11-20,8:00 PM,-7,Clear.,24,0.73,24,101.46
2014-11-20,9:00 PM,-7,Clear.,28,0.73,24,101.47
2014-11-20,10:00 PM,-7,Clear.,30,0.73,24,101.49
2014-11-20,11:00 PM,-7,Clear.,28,0.73,24,101.54
2014-11-21,12:00 AM,-7,Clear.,30,0.73,24,101.58
2014-11-21,1:00 AM,-7,Passing clouds.,33,0.79,24,101.65
2014-11-21,2:00 AM,-6,Passing clouds.,24,0.74,24,101.74
2014-11-21,3:00 AM,-6,Passing clouds.,19,0.74,24,101.91
2014-11-21,4:00 AM,-6,Passing clouds.,26,0.8,24,102.03
2014-11-21,5:00 AM,-7,Passing clouds.,20,0.79,24,102.22
2014-11-21,6:00 AM,-7,Passing clouds.,13,0.73,24,102.37
2014-11-21,7:00 AM,-8,Passing clouds.,15,0.79,24,102.53
2014-11-21,8:00 AM,-8,Passing clouds.,13,0.79,24,102.68
2014-11-21,9:00 AM,-7,Passing clouds.,6,0.73,24,102.78
2014-11-21,10:00 AM,-6,Passing clouds.,7,0.74,24,102.87
2014-11-21,11:00 AM,-5,Scattered clouds.,11,0.68,24,102.97
2014-11-21,12:00 PM,-3,Partly sunny.,28,0.59,24,102.94
2014-11-21,1:00 PM,-2,Broken clouds.,22,0.55,24,102.93
2014-11-21,2:00 PM,-2,Broken clouds.,19,0.55,24,102.95
2014-11-21,3:00 PM,-3,Broken clouds.,26,0.59,24,102.99
2014-11-21,4:00 PM,-4,Scattered clouds.,28,0.54,24,103.03
2014-11-21,5:00 PM,-5,Passing clouds.,17,0.58,24,103.1
2014-11-21,6:00 PM,-6,Passing clouds.,17,0.63,24,103.14
2014-11-21,7:00 PM,-6,Clear.,22,0.58,24,103.14
2014-11-21,8:00 PM,-8,Passing clouds.,17,0.62,24,103.1
2014-11-21,9:00 PM,-7,Passing clouds.,15,0.63,24,103.02
2014-11-21,10:00 PM,-8,Passing clouds.,9,0.68,24,102.97
2014-11-21,11:00 PM,-6,Partly cloudy.,7,0.58,24,102.89
2014-11-22,12:00 AM,-5,Passing clouds.,15,0.63,24,102.82
2014-11-22,1:00 AM,-5,Passing clouds.,24,0.74,24,102.74
2014-11-22,2:00 AM,-5,Overcast.,11,0.74,24,102.69
2014-11-22,3:00 AM,-5,Overcast.,13,0.74,24,102.64
2014-11-22,4:00 AM,-5,Overcast.,17,0.74,24,102.54
2014-11-22,5:00 AM,-4,Overcast.,6,0.74,24,102.44
2014-11-22,6:00 AM,-3,Mostly cloudy.,7,0.74,24,102.34
2014-11-22,7:00 AM,-4,Mostly cloudy.,9,0.86,24,102.28
2014-11-22,8:00 AM,-2,Broken clouds.,7,0.74,19,102.17
2014-11-22,9:00 AM,0,Mostly cloudy.,17,0.69,19,102.05
2014-11-22,10:00 AM,1,Mostly cloudy.,17,0.65,24,101.97
2014-11-22,11:00 AM,2,Mostly cloudy.,17,0.65,24,101.84
2014-11-22,12:00 PM,2,Mostly cloudy.,24,0.75,19,101.68
2014-11-22,1:00 PM,2,Overcast.,22,0.87,19,101.58
2014-11-22,1:48 PM,2,Low clouds.,15,0.93,13,101.52
2014-11-22,2:00 PM,2,Fog.,13,0.93,10,101.51
2014-11-22,3:00 PM,3,Fog.,9,0.93,10,101.47
2014-11-22,4:00 PM,4,Fog.,15,0.87,10,101.45
2014-11-22,5:00 PM,4,Fog.,11,0.87,10,101.46
2014-11-22,6:00 PM,4,Sprinkles. Overcast.,6,0.93,13,101.47
2014-11-22,7:00 PM,4,Overcast.,13,0.93,13,101.43
2014-11-22,7:53 PM,5,Sprinkles. Overcast.,9,0.87,10,101.41
2014-11-22,8:00 PM,5,Sprinkles. Overcast.,11,0.87,10,101.44
2014-11-22,8:45 PM,5,Overcast.,15,0.93,13,101.4
2014-11-22,9:00 PM,5,Sprinkles. Overcast.,17,0.93,13,101.41
2014-11-22,10:00 PM,6,Sprinkles. Overcast.,11,0.93,13,101.36
2014-11-22,11:00 PM,6,Overcast.,9,0.93,13,101.4
2014-11-23,12:00 AM,7,Sprinkles. Overcast.,17,0.87,13,101.44
2014-11-23,1:00 AM,6,Sprinkles. Mostly cloudy.,17,0.93,11,101.45
2014-11-23,2:00 AM,6,Sprinkles. Mostly cloudy.,17,0.93,13,101.46
2014-11-23,3:00 AM,6,Mostly cloudy.,11,0.93,13,101.47
2014-11-23,4:00 AM,6,Mostly cloudy.,15,0.93,16,101.46
2014-11-23,5:00 AM,6,Passing clouds.,15,0.87,16,101.48
2014-11-23,6:00 AM,6,Passing clouds.,11,0.87,19,101.49
2014-11-23,7:00 AM,6,Passing clouds.,4,0.87,19,101.54
2014-11-23,8:00 AM,5,Broken clouds.,6,0.93,16,101.59
2014-11-23,9:00 AM,6,Broken clouds.,7,0.87,16,101.61
2014-11-23,10:00 AM,7,Broken clouds.,9,0.87,19,101.58
2014-11-23,11:00 AM,8,More clouds than sun.,9,0.82,19,101.58
2014-11-23,12:00 PM,8,Sprinkles. Mostly cloudy.,6,0.87,19,101.55
2014-11-23,1:00 PM,8,Sprinkles. Mostly cloudy.,13,0.93,19,101.42
2014-11-23,2:00 PM,8,More clouds than sun.,15,0.93,19,101.36
2014-11-23,3:00 PM,8,Broken clouds.,9,0.93,19,101.19
2014-11-23,4:00 PM,8,Partly sunny.,9,0.93,19,101.15
2014-11-23,5:00 PM,7,Passing clouds.,11,0.93,19,101.07
2014-11-23,6:00 PM,7,Passing clouds.,11,0.87,19,101.02
2014-11-23,7:00 PM,7,Passing clouds.,9,0.87,19,100.91
2014-11-23,8:00 PM,8,Overcast.,9,0.82,19,100.82
2014-11-23,9:00 PM,8,Mostly cloudy.,15,0.82,19,100.59
2014-11-23,10:00 PM,8,Mostly cloudy.,11,0.76,16,100.46
2014-11-23,11:00 PM,7,Mostly cloudy.,11,0.81,16,100.31
2014-11-23,11:50 PM,8,Sprinkles. Mostly cloudy.,11,0.76,16,100.15
2014-11-24,12:00 AM,8,Sprinkles. Mostly cloudy.,20,0.76,16,100.12
2014-11-24,1:00 AM,7,Sprinkles. Overcast.,19,0.93,10,99.8
2014-11-24,1:46 AM,7,Heavy rain. Fog.,19,0.93,6,99.57
2014-11-24,2:00 AM,7,Heavy rain. Fog.,20,0.93,6,99.48
2014-11-24,2:53 AM,8,Rain. Fog.,19,0.93,6,99.32
2014-11-24,3:00 AM,8,Light rain. Fog.,24,0.93,10,99.29
2014-11-24,4:00 AM,9,Fog.,24,0.94,10,99.12
2014-11-24,5:00 AM,9,Overcast.,17,0.94,19,98.96
2014-11-24,6:00 AM,10,Light rain. Fog.,17,0.94,10,98.87
2014-11-24,7:00 AM,12,Light rain. Mostly cloudy.,24,0.94,24,98.84
2014-11-24,7:55 AM,14,More clouds than sun.,35,0.88,24,98.83
2014-11-24,8:00 AM,14,More clouds than sun.,28,0.88,24,98.83
2014-11-24,9:00 AM,15,Partly sunny.,32,0.82,24,98.89
2014-11-24,10:00 AM,15,Sprinkles. Overcast.,32,0.82,24,98.92
2014-11-24,10:45 AM,15,Scattered showers. Partly sunny.,35,0.82,24,98.88
2014-11-24,11:00 AM,16,Broken clouds.,26,0.77,24,98.85
2014-11-24,12:00 PM,18,Partly sunny.,30,0.68,24,98.71
2014-11-24,12:53 PM,18,Sprinkles. Mostly cloudy.,35,0.64,24,98.66
2014-11-24,1:00 PM,18,Sprinkles. Mostly cloudy.,41,0.64,24,98.67
2014-11-24,2:00 PM,15,Scattered showers. Mostly cloudy.,48,0.68,24,98.79
2014-11-24,3:00 PM,15,Broken clouds.,44,0.68,24,98.87
2014-11-24,3:52 PM,15,Sprinkles. Overcast.,48,0.68,24,98.97
2014-11-24,4:00 PM,14,Sprinkles. Partly sunny.,61,0.67,24,99.02
2014-11-24,5:00 PM,10,Passing clouds.,67,0.62,24,99.21
2014-11-24,6:00 PM,7,Passing clouds.,57,0.71,24,99.48
2014-11-24,7:00 PM,7,Passing clouds.,63,0.66,24,99.71
2014-11-24,8:00 PM,6,Passing clouds.,56,0.71,24,99.88
2014-11-24,9:00 PM,6,Passing clouds.,54,0.66,24,99.99
2014-11-24,10:00 PM,5,Passing clouds.,54,0.61,24,100.1
2014-11-24,11:00 PM,4,Passing clouds.,52,0.65,24,100.2
2014-11-25,12:00 AM,4,Overcast.,48,0.65,24,100.34
2014-11-25,1:00 AM,4,Overcast.,50,0.65,24,100.43
2014-11-25,2:00 AM,3,Mostly cloudy.,39,0.7,24,100.49
2014-11-25,3:00 AM,3,Overcast.,41,0.7,24,100.59
2014-11-25,4:00 AM,3,Overcast.,33,0.7,24,100.68
2014-11-25,5:00 AM,3,Overcast.,30,0.7,24,100.76
2014-11-25,6:00 AM,3,Mostly cloudy.,30,0.7,24,100.81
2014-11-25,7:00 AM,3,Overcast.,32,0.7,24,100.88
2014-11-25,8:00 AM,2,Overcast.,41,0.7,24,100.93
2014-11-25,9:00 AM,3,Overcast.,37,0.7,24,101.03
2014-11-25,10:00 AM,3,Overcast.,30,0.65,24,101.1
2014-11-25,11:00 AM,2,Overcast.,41,0.7,24,101.2
2014-11-25,12:00 PM,2,Light snow. Overcast.,39,0.7,24,101.31
2014-11-25,1:00 PM,1,Overcast.,30,0.75,24,101.32
2014-11-25,2:00 PM,2,Overcast.,37,0.65,24,101.41
2014-11-25,3:00 PM,1,Overcast.,33,0.7,24,101.52
2014-11-25,4:00 PM,1,Overcast.,33,0.7,24,101.64
2014-11-25,5:00 PM,1,Overcast.,32,0.7,24,101.7
2014-11-25,6:00 PM,1,Mostly cloudy.,22,0.7,24,101.8
2014-11-25,7:00 PM,1,Overcast.,22,0.7,24,101.92
2014-11-25,8:00 PM,1,Mostly cloudy.,22,0.7,24,102.01
2014-11-25,9:00 PM,0,Passing clouds.,17,0.75,24,102.12
2014-11-25,10:00 PM,1,Passing clouds.,13,0.7,16,102.17
2014-11-25,11:00 PM,1,Overcast.,20,0.7,16,102.29
2014-11-26,12:00 AM,1,Mostly cloudy.,19,0.7,16,102.32
2014-11-26,1:00 AM,1,Overcast.,13,0.7,16,102.31
2014-11-26,2:00 AM,1,Overcast.,13,0.7,16,102.32
2014-11-26,3:00 AM,0,Overcast.,6,0.75,16,102.23
2014-11-26,4:00 AM,1,Overcast.,4,0.75,16,102.36
2014-11-26,5:00 AM,1,Overcast.,6,0.75,19,102.32
2014-11-26,6:00 AM,1,Passing clouds.,6,0.75,19,102.38
2014-11-26,7:00 AM,1,Passing clouds.,11,0.65,24,102.3
2014-11-26,8:00 AM,1,Overcast.,7,0.65,24,102.37
2014-11-26,9:00 AM,1,Overcast.,15,0.65,24,102.38
2014-11-26,10:00 AM,1,Overcast.,13,0.65,24,102.27
2014-11-26,11:00 AM,1,Overcast.,15,0.65,24,102.21
2014-11-26,12:00 PM,1,Overcast.,15,0.65,24,102.22
2014-11-26,1:00 PM,1,Overcast.,17,0.65,24,102.17
2014-11-26,2:00 PM,1,Overcast.,11,0.7,24,102.14
2014-11-26,3:00 PM,1,Overcast.,13,0.75,24,102.12
2014-11-26,4:00 PM,1,Overcast.,15,0.7,24,102.05
2014-11-26,5:00 PM,1,Overcast.,13,0.7,24,102.01
2014-11-26,6:00 PM,1,Snow flurries. Mostly cloudy.,9,0.7,24,102
2014-11-26,7:00 PM,1,Overcast.,11,0.7,24,101.96
2014-11-26,8:00 PM,1,Mostly cloudy.,11,0.7,24,101.93
2014-11-26,9:00 PM,1,Mostly cloudy.,9,0.65,24,101.92
2014-11-26,10:00 PM,0,Overcast.,9,0.69,24,101.91
2014-11-26,11:00 PM,0,Overcast.,7,0.69,19,101.89
2014-11-27,12:00 AM,0,Overcast.,7,0.69,19,101.88
2014-11-27,1:00 AM,0,Overcast.,6,0.64,19,101.87
2014-11-27,2:00 AM,-1,Overcast.,7,0.64,19,101.85
2014-11-27,3:00 AM,-1,Mostly cloudy.,6,0.64,19,101.88
2014-11-27,4:00 AM,-1,Overcast.,6,0.64,19,101.82
2014-11-27,5:00 AM,-1,Overcast.,4,0.69,19,101.82
2014-11-27,6:00 AM,-1,Snow flurries. Mostly cloudy.,7,0.75,16,101.82
2014-11-27,7:00 AM,-1,Snow flurries. Overcast.,9,0.8,19,101.85
2014-11-27,8:00 AM,-1,Snow flurries. Mostly cloudy.,9,0.8,16,101.86
2014-11-27,9:00 AM,-1,Scattered showers. Broken clouds.,9,0.86,24,101.87
2014-11-27,10:00 AM,0,Partly sunny.,13,0.8,24,101.91
2014-11-27,11:00 AM,1,Partly sunny.,9,0.65,24,101.88
2014-11-27,12:00 PM,2,Partly sunny.,9,0.6,24,101.83
2014-11-27,1:00 PM,2,Partly sunny.,15,0.6,24,101.78
2014-11-27,2:00 PM,2,Broken clouds.,19,0.56,24,101.78
2014-11-27,3:00 PM,2,Partly sunny.,17,0.56,24,101.79
2014-11-27,4:00 PM,2,Partly sunny.,15,0.56,24,101.83
2014-11-27,5:00 PM,0,Passing clouds.,19,0.69,24,101.89
2014-11-27,6:00 PM,-1,Snow flurries. Overcast.,20,0.69,19,101.93
2014-11-27,7:00 PM,-1,Snow flurries. Overcast.,20,0.75,16,101.96
2014-11-27,7:52 PM,-1,Passing clouds.,19,0.8,19,102
2014-11-27,8:00 PM,-1,Mostly cloudy.,15,0.8,24,102
2014-11-27,9:00 PM,-1,Snow flurries. Overcast.,30,0.8,6,102.04
2014-11-27,9:46 PM,-2,Passing clouds.,19,0.8,24,102.1
2014-11-27,10:00 PM,-2,Passing clouds.,28,0.74,24,102.11
2014-11-27,11:00 PM,-3,Passing clouds.,24,0.74,24,102.16
2014-11-28,12:00 AM,-4,Passing clouds.,28,0.69,24,102.21
2014-11-28,1:00 AM,-5,Clear.,22,0.63,24,102.21
2014-11-28,2:00 AM,-5,Clear.,24,0.63,24,102.26
2014-11-28,3:00 AM,-6,Passing clouds.,17,0.74,24,102.31
2014-11-28,4:00 AM,-7,Passing clouds.,17,0.79,24,102.32
2014-11-28,5:00 AM,-7,Passing clouds.,13,0.79,24,102.39
2014-11-28,6:00 AM,-6,Passing clouds.,17,0.68,24,102.45
2014-11-28,7:00 AM,-7,Passing clouds.,13,0.73,24,102.49
2014-11-28,8:00 AM,-6,Passing clouds.,13,0.74,24,102.52
2014-11-28,9:00 AM,-5,Scattered clouds.,20,0.63,24,102.55
2014-11-28,10:00 AM,-4,Broken clouds.,19,0.63,24,102.55
2014-11-28,11:00 AM,-4,More clouds than sun.,22,0.59,24,102.55
2014-11-28,12:00 PM,-4,Scattered showers. Overcast.,17,0.63,24,102.45
2014-11-28,1:00 PM,-3,Overcast.,17,0.59,24,102.4
2014-11-28,2:00 PM,-3,Scattered showers. Overcast.,19,0.54,24,102.36
2014-11-28,3:00 PM,-3,More clouds than sun.,22,0.54,24,102.37
2014-11-28,4:00 PM,-4,Scattered showers. Mostly cloudy.,19,0.63,24,102.37
2014-11-28,5:00 PM,-4,Scattered showers. Mostly cloudy.,15,0.63,24,102.38
2014-11-28,6:00 PM,-4,Passing clouds.,19,0.63,24,102.41
2014-11-28,7:00 PM,-4,Passing clouds.,20,0.63,24,102.41
2014-11-28,8:00 PM,-5,Overcast.,17,0.68,24,102.37
2014-11-28,9:00 PM,-5,Overcast.,9,0.68,24,102.34
2014-11-28,10:00 PM,-5,Overcast.,13,0.68,24,102.33
2014-11-28,11:00 PM,-5,Mostly cloudy.,9,0.63,24,102.29
2014-11-29,12:00 AM,-4,Overcast.,No,0.59,19,102.29
2014-11-29,1:00 AM,-5,Overcast.,6,0.63,24,102.25
2014-11-29,2:00 AM,-4,Overcast.,7,0.63,24,102.24
2014-11-29,3:00 AM,-4,Overcast.,7,0.69,24,102.2
2014-11-29,4:00 AM,-3,Overcast.,6,0.69,24,102.12
2014-11-29,5:00 AM,-2,Overcast.,9,0.8,24,102.08
2014-11-29,6:00 AM,-2,Overcast.,9,0.8,24,102.05
2014-11-29,7:00 AM,-1,Overcast.,11,0.86,16,102
2014-11-29,8:00 AM,0,Mostly cloudy.,11,0.8,19,101.94
2014-11-29,9:00 AM,0,Overcast.,20,0.8,24,101.9
2014-11-29,10:00 AM,0,Mostly cloudy.,19,0.8,24,101.85
2014-11-29,11:00 AM,2,Broken clouds.,19,0.7,24,101.77
2014-11-29,12:00 PM,2,Partly sunny.,17,0.75,24,101.67
2014-11-29,1:00 PM,2,Overcast.,19,0.75,24,101.54
2014-11-29,2:00 PM,3,Partly sunny.,22,0.7,24,101.44
2014-11-29,3:00 PM,3,Partly sunny.,19,0.7,24,101.37
2014-11-29,4:00 PM,3,Partly sunny.,17,0.7,24,101.27
2014-11-29,5:00 PM,3,Passing clouds.,15,0.7,24,101.21
2014-11-29,6:00 PM,4,Passing clouds.,15,0.65,24,101.17
2014-11-29,7:00 PM,4,Overcast.,13,0.65,24,101.09
2014-11-29,8:00 PM,4,Overcast.,13,0.7,24,101.04
2014-11-29,9:00 PM,4,Overcast.,11,0.75,24,100.99
2014-11-29,10:00 PM,5,Overcast.,9,0.7,24,100.96
2014-11-29,11:00 PM,6,Overcast.,13,0.71,24,100.9
2014-11-30,12:00 AM,8,Overcast.,17,0.71,19,100.87
2014-11-30,1:00 AM,9,Overcast.,19,0.66,24,100.82
2014-11-30,2:00 AM,9,Overcast.,15,0.66,24,100.8
2014-11-30,3:00 AM,9,Overcast.,15,0.66,24,100.82
2014-11-30,4:00 AM,8,Overcast.,11,0.71,24,100.78
2014-11-30,5:00 AM,8,Overcast.,15,0.76,24,100.75
2014-11-30,6:00 AM,9,Mostly cloudy.,15,0.76,24,100.72
2014-11-30,7:00 AM,9,Overcast.,11,0.76,24,100.74
2014-11-30,8:00 AM,9,Overcast.,11,0.82,24,100.72
2014-11-30,9:00 AM,10,Overcast.,9,0.82,24,100.78
2014-11-30,10:00 AM,11,Overcast.,9,0.77,24,100.77
2014-11-30,11:00 AM,13,Overcast.,22,0.77,24,100.77
2014-11-30,12:00 PM,14,Overcast.,20,0.72,24,100.68
2014-11-30,1:00 PM,14,Overcast.,24,0.77,24,100.67
2014-11-30,2:00 PM,14,Partly sunny.,32,0.77,24,100.66
2014-11-30,3:00 PM,14,Overcast.,26,0.72,24,100.72
2014-11-30,4:00 PM,14,Overcast.,22,0.72,24,100.78
2014-11-30,5:00 PM,14,Overcast.,17,0.77,24,100.83
2014-11-30,6:00 PM,13,Mostly cloudy.,7,0.82,24,100.86
2014-11-30,7:00 PM,13,Overcast.,11,0.82,19,100.91
2014-11-30,8:00 PM,6,Light rain. Low clouds.,24,0.87,24,101.07
2014-11-30,9:00 PM,5,Low clouds.,24,0.87,19,101.15
2014-11-30,10:00 PM,5,Mostly cloudy.,20,0.87,24,101.21
2014-11-30,11:00 PM,5,Overcast.,22,0.87,19,101.36
2014-11-30,11:51 PM,5,Mostly cloudy.,19,0.87,24,101.43